{
  "signs": [
    -1.0,
    1.0,
    1.0,
    1.0,
    -1.0
  ],
  "scales": [
    1.0,
    1.0,
    1.0,
    1.0,
    1.0
  ],
  "gripper_scale": 1.0,
  "so101_ref": [
    0.09510680884890975,
    -1.0154952815802945,
    0.5737088146692298,
    0.6135923151542565,
    0.07516505860639641
  ]
}