{
    "model_path": "hex_zmq_servers/robot/hexarm/urdf/archer_l6y/gp100_p050_handle.urdf",
    "last_link": "link_6",
    "traj_cfg": {
        "traj_poses": [
            [
                0.12902715,
                -0.01136007,
                0.306945,
                0.99419363,
                -0.07106195,
                0.07106357,
                -0.03846032
            ],
            [
                0.30820545,
                -0.01586823,
                0.28645439,
                0.99667956,
                -0.07376397,
                0.02585745,
                -0.02280628
            ]
        ],
        "traj_move": 2.0,
        "traj_stop": 1.0
    },
    "ctrl_cfg": {
        "mit_kp": [
            400.0,
            400.0,
            500.0,
            200.0,
            100.0,
            100.0
        ],
        "mit_kd": [
            5.0,
            5.0,
            5.0,
            5.0,
            2.0,
            2.0
        ]
    },
    "net": {
        "ip": "127.0.0.1",
        "port": 12345,
        "realtime_mode": false,
        "deque_maxlen": 10,
        "client_timeout_ms": 200,
        "server_timeout_ms": 1000,
        "server_num_workers": 4
    }
}